City_ID,City,Country,Date,Lat,Lng,Max Temp,Humidity,Cloudiness,Wind Speed
0,Hilo,US,2022-01-08 22:10:37,19.7297,-155.09,26.85,69,20,4.63
1,Busselton,AU,2022-01-08 22:10:40,-33.65,115.3333,15.02,61,16,5.95
2,Leh,IN,2022-01-08 22:10:40,34.1667,77.5833,-12.11,78,98,2.59
3,Rikitea,PF,2022-01-08 22:10:40,-23.1203,-134.9692,25.49,78,100,9.14
4,Jamestown,US,2022-01-08 22:09:46,42.097,-79.2353,-1.1,35,0,3.13
5,Japura,ID,2022-01-08 22:10:41,-0.3167,102.35,22.98,99,93,0.61
6,Palu,ID,2022-01-08 22:10:41,-0.8917,119.8707,23.55,86,100,0.83
7,Bluff,NZ,2022-01-08 22:10:42,-46.6,168.3333,19.33,70,100,5.56
8,Cape Town,ZA,2022-01-08 22:10:42,-33.9258,18.4232,26.26,65,0,1.53
9,Kodiak,US,2022-01-08 22:10:43,57.79,-152.4072,0.73,69,100,5.14
10,Merke,KZ,2022-01-08 22:10:43,42.8728,73.1786,1.52,58,3,1.87
11,Shizunai,JP,2022-01-08 22:10:43,42.3339,142.3669,-0.13,84,99,5.31
12,Necochea,AR,2022-01-08 22:10:44,-38.5473,-58.7368,32.24,25,0,8.32
13,College,US,2022-01-08 22:09:14,64.8569,-147.8028,-22.19,67,20,0.0
14,East London,ZA,2022-01-08 22:10:44,-33.0153,27.9116,22.63,91,67,8.03
15,Ilulissat,GL,2022-01-08 22:06:30,69.2167,-51.1,-8.99,73,40,6.69
16,Hobart,AU,2022-01-08 22:05:53,-42.8794,147.3294,15.57,71,75,1.34
17,Bethel,US,2022-01-08 22:08:00,41.3712,-73.414,-2.36,50,0,0.0
18,Diego De Almagro,CL,2022-01-08 22:10:45,-26.3667,-70.05,25.14,21,11,4.68
19,Watsa,CD,2022-01-08 22:10:46,3.0372,29.5355,22.69,41,80,0.08
20,Mataura,NZ,2022-01-08 22:10:46,-46.1927,168.8643,19.15,54,100,3.33
21,Vikhorevka,RU,2022-01-08 22:10:46,56.1201,101.1636,-26.23,100,94,1.26
22,Aykhal,RU,2022-01-08 22:10:47,66.0,111.5,-29.55,82,37,4.16
23,Atuona,PF,2022-01-08 22:10:47,-9.8,-139.0333,25.86,77,17,8.86
24,Portland,US,2022-01-08 22:06:27,45.5234,-122.6762,10.85,72,40,0.45
25,Fengzhen,CN,2022-01-08 22:10:48,40.4394,113.1536,-5.22,65,100,0.92
26,Umba,RU,2022-01-08 22:10:48,66.6871,34.3429,-9.94,83,59,8.08
27,Puerto Ayora,EC,2022-01-08 22:10:49,-0.7393,-90.3518,28.98,81,97,4.09
28,Cairns,AU,2022-01-08 22:10:49,-16.9167,145.7667,29.48,82,40,2.06
29,Lavrentiya,RU,2022-01-08 22:10:50,65.5833,-171.0,-24.26,84,1,4.11
30,Hermanus,ZA,2022-01-08 22:10:50,-34.4187,19.2345,24.94,85,0,4.59
31,Mar Del Plata,AR,2022-01-08 22:09:06,-38.0023,-57.5575,21.6,87,0,10.28
32,Neyshabur,IR,2022-01-08 22:10:51,36.2133,58.7958,2.76,41,73,1.37
33,Ushuaia,AR,2022-01-08 22:10:51,-54.8,-68.3,9.81,62,75,9.26
34,Lincoln,US,2022-01-08 22:06:41,40.8,-96.667,5.56,78,0,0.45
35,Tuatapere,NZ,2022-01-08 22:10:52,-46.1333,167.6833,19.34,52,100,3.95
36,Sao Joao Da Barra,BR,2022-01-08 22:10:52,-21.6403,-41.0511,22.37,96,100,4.55
37,Te Anau,NZ,2022-01-08 22:10:53,-45.4167,167.7167,17.2,67,99,4.18
38,Khatanga,RU,2022-01-08 22:10:53,71.9667,102.5,-16.91,95,100,7.41
39,Wanning,CN,2022-01-08 22:10:53,18.8003,110.3967,20.6,86,100,3.62
40,Zeya,RU,2022-01-08 22:10:54,53.75,127.2667,-24.6,95,70,1.3
41,Quimper,FR,2022-01-08 22:10:54,48.0,-4.1,8.38,66,100,10.29
42,Madera,US,2022-01-08 22:10:55,37.1666,-119.8343,17.51,59,0,1.59
43,Alyangula,AU,2022-01-08 22:10:55,-13.8483,136.4192,29.75,69,87,4.67
44,Kapaa,US,2022-01-08 22:08:33,22.0752,-159.319,26.22,71,0,0.45
45,San Ramon De La Nueva Oran,AR,2022-01-08 22:10:33,-23.1322,-64.326,33.01,34,99,0.92
46,Khasan,RU,2022-01-08 22:11:56,42.4308,130.6434,-7.71,55,3,6.52
47,Katobu,ID,2022-01-08 22:11:56,-4.9408,122.5276,24.19,93,95,0.35
48,Takhtamygda,RU,2022-01-08 22:11:56,54.1,123.5667,-26.26,94,30,1.7
49,Torbay,CA,2022-01-08 22:11:57,47.6666,-52.7314,-1.45,88,100,4.47
50,Longyearbyen,SJ,2022-01-08 22:08:04,78.2186,15.6401,-12.09,79,75,3.09
51,Lambarene,GA,2022-01-08 22:11:58,-0.7001,10.2406,25.17,91,81,1.48
52,Alexandria,EG,2022-01-08 22:11:58,31.2156,29.9553,14.84,48,47,3.89
53,Bredasdorp,ZA,2022-01-08 22:11:58,-34.5322,20.0403,21.82,90,72,4.51
54,Hofn,IS,2022-01-08 22:11:58,64.2539,-15.2082,2.52,95,100,10.63
55,Faanui,PF,2022-01-08 22:11:59,-16.4833,-151.75,27.47,76,55,2.92
56,Alekseyevsk,RU,2022-01-08 22:11:59,57.8406,108.3492,-38.31,100,81,0.72
57,Popova,RU,2022-01-08 22:12:00,42.9603,131.7228,-17.73,86,5,8.48
58,Port Alfred,ZA,2022-01-08 22:12:00,-33.5906,26.891,22.82,89,40,11.68
59,Albany,US,2022-01-08 22:07:27,42.6001,-73.9662,-4.83,52,14,1.43
60,Butaritari,KI,2022-01-08 22:12:01,3.0707,172.7902,26.38,84,100,6.95
61,Hastings,GB,2022-01-08 22:12:01,50.8552,0.5729,6.51,76,100,11.87
62,Barrow,US,2022-01-08 22:12:02,71.2906,-156.7887,-26.99,76,100,1.54
63,Naze,JP,2022-01-08 22:12:02,28.3667,129.4833,13.51,74,74,4.47
64,Nioki,CD,2022-01-08 22:12:02,-2.7167,17.6833,24.07,81,100,1.22
65,Mehamn,NO,2022-01-08 22:12:03,71.0357,27.8492,-4.68,80,100,7.91
66,Cape Coast,GH,2022-01-08 22:12:03,5.1053,-1.2466,27.33,82,51,3.58
67,Bambous Virieux,MU,2022-01-08 22:12:04,-20.3428,57.7575,24.56,81,35,2.43
68,Nikolskoye,RU,2022-01-08 22:12:04,59.7035,30.7861,-5.07,94,100,3.36
69,Mahebourg,MU,2022-01-08 22:12:04,-20.4081,57.7,24.58,81,31,2.33
70,Cayenne,GF,2022-01-08 22:12:05,4.9333,-52.3333,26.16,77,0,0.89
71,Provideniya,RU,2022-01-08 22:12:05,64.3833,-173.3,-16.66,68,12,4.36
72,Saint-Philippe,RE,2022-01-08 22:12:06,-21.3585,55.7679,23.77,85,34,2.91
73,Vaini,TO,2022-01-08 22:12:06,-21.2,-175.2,27.09,89,100,2.06
74,Hithadhoo,MV,2022-01-08 22:12:06,-0.6,73.0833,27.23,75,72,2.21
75,Ribeira Grande,PT,2022-01-08 22:12:07,38.5167,-28.7,16.22,63,75,2.57
76,Porto Santo,PT,2022-01-08 22:12:07,33.072,-16.3415,17.95,67,40,7.72
77,Taoudenni,ML,2022-01-08 22:12:08,22.6783,-3.9836,14.47,24,0,6.2
78,Severo-Kurilsk,RU,2022-01-08 22:12:08,50.6789,156.125,-0.71,89,93,8.73
79,Trairi,BR,2022-01-08 22:12:08,-3.2778,-39.2689,26.27,74,30,3.91
80,Zhangye,CN,2022-01-08 22:12:09,38.9342,100.4517,-4.45,43,100,2.58
81,Pionerskiy,RU,2022-01-08 22:12:09,54.9508,20.2275,0.91,81,74,8.55
82,Lumby,CA,2022-01-08 22:12:10,50.2498,-118.969,-2.55,85,96,1.15
83,Sosva,RU,2022-01-08 22:12:10,59.1766,61.8558,-15.44,88,47,4.0
84,Guilin,CN,2022-01-08 22:12:10,25.2819,110.2864,7.27,86,96,2.19
85,Daru,PG,2022-01-08 22:12:11,-9.0763,143.2092,25.55,87,93,3.28
86,Muzhi,RU,2022-01-08 22:12:11,65.3667,64.6667,-18.91,82,99,5.09
87,Le Port,RE,2022-01-08 22:12:12,-20.9373,55.2919,24.0,84,19,1.69
88,Saurimo,AO,2022-01-08 22:12:12,-9.6608,20.3916,18.63,95,94,1.17
89,Yar-Sale,RU,2022-01-08 22:12:12,66.8333,70.8333,-17.7,97,100,2.46
90,Le Vauclin,MQ,2022-01-08 22:13:13,14.5452,-60.8388,25.07,73,75,5.66
91,Rovaniemi,FI,2022-01-08 22:13:13,66.5,25.7167,-14.33,85,100,4.63
92,Tashtagol,RU,2022-01-08 22:13:13,52.7657,87.8894,-10.56,100,99,1.55
93,Mumbwa,ZM,2022-01-08 22:13:14,-14.9783,27.0619,18.66,98,100,1.67
94,Sistranda,NO,2022-01-08 22:13:14,63.7256,8.834,-1.17,69,88,4.81
95,Codrington,AU,2022-01-08 22:13:15,-38.2667,141.9667,15.88,67,87,3.33
96,Pisco,PE,2022-01-08 22:13:16,-13.7,-76.2167,24.03,78,0,8.75
97,Tuktoyaktuk,CA,2022-01-08 22:13:16,69.4541,-133.0374,-30.3,97,100,7.17
98,Atasu,KZ,2022-01-08 22:13:17,48.6814,71.6433,-6.17,94,100,5.83
99,Oda,JP,2022-01-08 22:13:17,35.1833,132.5,5.43,65,96,3.94
100,Bengkulu,ID,2022-01-08 22:13:17,-3.8004,102.2655,23.82,86,100,1.66
101,Alofi,NU,2022-01-08 22:13:18,-19.0595,-169.9187,27.26,71,91,5.12
102,Skjervoy,NO,2022-01-08 22:13:18,70.0311,20.9714,-1.49,69,100,3.99
103,Arraial Do Cabo,BR,2022-01-08 22:13:19,-22.9661,-42.0278,21.92,94,100,2.57
104,Sabang,ID,2022-01-08 22:13:19,5.8933,95.3214,27.44,75,100,7.93
105,Punta Arenas,CL,2022-01-08 22:13:19,-53.15,-70.9167,13.06,47,0,10.8
106,Kaitangata,NZ,2022-01-08 22:13:19,-46.2817,169.8464,19.4,69,100,2.67
107,Souillac,MU,2022-01-08 22:13:20,-20.5167,57.5167,24.64,81,18,1.37
108,Rio Grande,BR,2022-01-08 22:13:21,-32.035,-52.0986,22.15,65,100,8.93
109,Jawhar,SO,2022-01-08 22:13:21,2.7809,45.5005,23.79,77,81,7.78
110,Klyuchi,RU,2022-01-08 22:13:21,52.2667,79.1667,-4.54,85,100,5.93
111,Pangnirtung,CA,2022-01-08 22:13:22,66.1451,-65.7125,-26.74,98,100,0.72
112,Ugoofaaru,MV,2022-01-08 22:13:22,5.6667,73.0,26.89,76,5,4.2
113,Kasongo-Lunda,CD,2022-01-08 22:13:23,-6.4667,16.8167,21.64,95,100,0.26
114,Yekepa,LR,2022-01-08 22:13:23,7.5753,-8.5419,25.14,37,65,1.1
115,Karratha,AU,2022-01-08 22:13:23,-20.7377,116.8463,27.4,80,44,5.25
116,Iskateley,RU,2022-01-08 22:13:24,67.6803,53.1512,-14.53,95,100,4.38
117,Nabire,ID,2022-01-08 22:13:24,-3.3667,135.4833,24.19,90,94,1.32
118,Lompoc,US,2022-01-08 22:13:24,34.6391,-120.4579,20.38,61,0,3.6
119,Kysyl-Syr,RU,2022-01-08 22:13:25,63.8986,122.7617,-32.74,98,94,2.15
120,Banyo,CM,2022-01-08 22:13:25,6.75,11.8167,22.13,33,88,1.98
121,Valparaiso,CL,2022-01-08 22:13:26,-33.0393,-71.6273,19.8,75,40,3.09
122,Kulachi,PK,2022-01-08 22:13:26,31.9286,70.4592,12.26,68,97,3.72
123,Chokurdakh,RU,2022-01-08 22:09:13,70.6333,147.9167,-25.94,99,100,3.68
124,Mazagao,BR,2022-01-08 22:13:26,-0.115,-51.2894,25.03,94,100,1.42
125,Gumdag,TM,2022-01-08 22:13:27,39.2061,54.5906,8.53,78,100,2.62
126,Saint George,US,2022-01-08 22:12:28,37.1041,-113.5841,16.08,34,0,1.79
127,Avarua,CK,2022-01-08 22:13:27,-21.2078,-159.775,28.03,83,100,4.63
128,Touros,BR,2022-01-08 22:13:28,-5.1989,-35.4608,27.5,76,100,4.76
129,Thompson,CA,2022-01-08 22:13:28,55.7435,-97.8558,-20.52,96,100,4.49
130,Batasan,PH,2022-01-08 22:13:28,12.7667,120.7833,25.01,77,5,1.74
131,Fortuna,US,2022-01-08 22:12:14,40.5982,-124.1573,13.25,79,0,1.34
132,Brae,GB,2022-01-08 22:13:29,60.3964,-1.353,5.95,87,100,4.21
133,Ancud,CL,2022-01-08 22:13:29,-41.8697,-73.8203,18.74,77,31,4.23
134,San Rafael,AR,2022-01-08 22:13:29,-34.6177,-68.3301,35.52,15,1,8.6
135,Besikduzu,TR,2022-01-08 22:14:30,41.052,39.2284,7.94,60,53,3.57
136,Laguna,US,2022-01-08 22:14:30,38.421,-121.4238,16.78,72,20,1.34
137,Yellowknife,CA,2022-01-08 22:14:00,62.456,-114.3525,-23.85,92,100,6.34
138,Luanda,AO,2022-01-08 22:14:31,-8.8368,13.2343,25.08,85,100,4.39
139,Tulle,FR,2022-01-08 22:14:31,45.3333,1.8333,6.86,86,100,5.35
140,Lufilufi,WS,2022-01-08 22:14:32,-13.8745,-171.5986,29.88,70,98,1.62
141,Saint-Joseph,RE,2022-01-08 22:14:32,-21.3667,55.6167,23.21,86,20,2.03
142,El Alto,PE,2022-01-08 22:14:33,-4.2714,-81.2147,24.81,72,97,5.6
143,Gat,IL,2022-01-08 22:11:05,31.61,34.7642,18.55,42,88,2.38
144,Meulaboh,ID,2022-01-08 22:14:33,4.1363,96.1285,24.23,88,100,1.88
145,Saint-Leu,RE,2022-01-08 22:14:33,-21.15,55.2833,23.48,84,10,1.21
146,Kimbe,PG,2022-01-08 22:14:34,-5.5502,150.1429,24.89,93,100,0.9
147,Tessalit,ML,2022-01-08 22:14:34,20.1986,1.0114,13.72,21,41,3.55
148,Pevek,RU,2022-01-08 22:14:34,69.7008,170.3133,-19.37,93,100,0.86
149,Klaksvik,FO,2022-01-08 22:14:35,62.2266,-6.589,3.51,84,95,6.4
150,Hasaki,JP,2022-01-08 22:14:35,35.7333,140.8333,-3.78,62,0,5.29
151,Saint-Francois,FR,2022-01-08 22:14:35,46.4154,3.9054,8.69,75,100,6.69
152,Victoria,HK,2022-01-08 22:11:47,22.2855,114.1577,17.99,85,63,0.89
153,Bandarban,BD,2022-01-08 22:14:36,22.1965,92.2262,14.78,77,77,1.04
154,Batemans Bay,AU,2022-01-08 22:14:37,-35.7167,150.1833,24.0,76,55,1.12
155,Kibala,TD,2022-01-08 22:14:37,9.1104,18.3463,27.71,24,55,1.95
156,Saint Anthony,US,2022-01-08 22:14:37,45.0205,-93.218,-0.71,76,0,0.89
157,Macapa,BR,2022-01-08 22:14:38,0.0389,-51.0664,24.99,100,75,1.54
158,Bathsheba,BB,2022-01-08 22:14:38,13.2167,-59.5167,25.34,73,75,8.75
159,Tasiilaq,GL,2022-01-08 22:14:39,65.6145,-37.6368,1.09,59,100,7.37
160,Zhicheng,CN,2022-01-08 22:14:40,30.2956,111.5047,6.17,77,90,0.86
161,Bulgan,MN,2022-01-08 22:14:40,48.8125,103.5347,-18.28,93,5,1.8
162,Qaqortoq,GL,2022-01-08 22:14:41,60.7167,-46.0333,-12.72,78,100,1.86
163,Leningradskiy,RU,2022-01-08 22:14:41,69.3833,178.4167,-24.6,96,77,5.21
164,Kamenka,RU,2022-01-08 22:14:41,51.3223,42.7678,-14.58,99,80,2.43
165,Riyadh,SA,2022-01-08 22:14:41,24.6877,46.7219,10.08,28,18,3.46
166,Gamba,GA,2022-01-08 22:14:42,-2.65,10.0,25.09,92,99,1.95
167,Narsaq,GL,2022-01-08 22:14:42,60.9167,-46.05,-12.88,73,100,2.18
168,Tilichiki,RU,2022-01-08 22:14:43,60.4667,166.1,-17.92,86,96,4.22
169,Saint-Augustin,CA,2022-01-08 22:14:43,51.226,-58.6502,-15.47,71,8,10.31
170,Namibe,AO,2022-01-08 22:14:44,-15.1961,12.1522,20.37,74,97,4.15
171,Dikson,RU,2022-01-08 22:14:44,73.5069,80.5464,-15.65,91,100,6.96
172,Los Llanos De Aridane,ES,2022-01-08 22:14:44,28.6585,-17.9182,16.86,75,75,7.15
173,Nha Trang,VN,2022-01-08 22:10:54,12.25,109.1833,22.0,90,9,2.41
174,Kyra,RU,2022-01-08 22:14:45,49.5776,111.9753,-17.62,82,2,1.5
175,Aasiaat,GL,2022-01-08 22:14:46,68.7098,-52.8699,-10.86,92,100,4.72
176,Tiksi,RU,2022-01-08 22:14:46,71.6872,128.8694,-25.06,95,100,2.49
177,Tigil,RU,2022-01-08 22:14:46,57.8,158.6667,-6.34,80,100,4.15
178,Kahului,US,2022-01-08 22:14:46,20.8947,-156.47,29.59,67,0,2.57
179,Hirara,JP,2022-01-08 22:14:47,24.8,125.2833,18.92,88,20,4.63
180,Billings,US,2022-01-08 22:12:34,45.7833,-108.5007,3.29,67,20,6.69
181,Tezu,IN,2022-01-08 22:15:47,27.9167,96.1667,14.99,51,3,1.64
182,Hanmer Springs,NZ,2022-01-08 22:15:48,-42.5167,172.8167,23.75,33,100,3.39
183,Ponta Do Sol,PT,2022-01-08 22:15:48,32.6667,-17.1,17.62,72,47,4.17
184,New Norfolk,AU,2022-01-08 22:14:58,-42.7826,147.0587,16.05,80,100,0.45
185,Makakilo City,US,2022-01-08 22:15:48,21.3469,-158.0858,26.18,63,20,3.09
186,Lebu,CL,2022-01-08 22:15:49,-37.6167,-73.65,17.58,83,55,3.55
187,Salalah,OM,2022-01-08 22:10:54,17.0151,54.0924,20.05,40,0,2.57
188,Chinsali,ZM,2022-01-08 22:15:50,-10.5414,32.0816,17.29,96,100,1.44
189,Tando Muhammad Khan,PK,2022-01-08 22:15:50,25.123,68.5358,14.51,56,0,2.91
190,La Paz,BO,2022-01-08 22:14:45,-16.5,-68.15,12.99,58,75,4.63
191,San Cristobal,VE,2022-01-08 22:15:51,7.7669,-72.225,23.1,69,96,1.5
192,Lumajang,ID,2022-01-08 22:15:51,-8.1335,113.2248,23.9,89,100,1.2
193,Baoding,CN,2022-01-08 22:15:51,38.8511,115.4903,-1.28,48,98,2.64
194,Jiayuguan,CN,2022-01-08 22:15:52,39.8167,98.3,-4.82,45,100,2.54
195,Labuhan,ID,2022-01-08 22:15:52,-6.8844,112.2051,25.79,84,100,2.68
196,Saint-Pierre,RE,2022-01-08 22:15:52,-21.3393,55.4781,23.82,84,0,3.09
197,Sioux Lookout,CA,2022-01-08 22:15:53,50.1001,-91.917,-9.79,85,100,4.63
198,Lalganj,IN,2022-01-08 22:15:53,25.8667,85.1833,12.97,63,27,2.73
199,Akyab,MM,2022-01-08 22:15:53,20.15,92.9,18.27,71,3,2.64
200,Sorel,CA,2022-01-08 22:15:54,46.0418,-73.1136,-12.74,74,69,1.34
201,Serenje,ZM,2022-01-08 22:15:54,-13.2325,30.2352,17.43,98,100,2.07
202,Axim,GH,2022-01-08 22:15:55,4.8699,-2.2405,26.84,83,44,3.53
203,Buala,SB,2022-01-08 22:15:55,-8.145,159.5921,28.16,72,36,1.71
204,Ouadda,CF,2022-01-08 22:15:56,8.0777,22.4007,26.99,27,67,1.07
205,Chake Chake,TZ,2022-01-08 22:15:56,-5.2459,39.7666,26.63,76,37,5.04
206,Leshukonskoye,RU,2022-01-08 22:15:56,64.8989,45.7622,-12.47,84,79,5.49
207,Sorong,ID,2022-01-08 22:15:57,-0.8833,131.25,26.18,81,89,1.16
208,Chuy,UY,2022-01-08 22:14:58,-33.6971,-53.4616,21.98,64,0,6.42
209,Santarem,BR,2022-01-08 22:15:57,-2.4431,-54.7083,24.07,94,100,0.51
210,North Bend,US,2022-01-08 22:15:58,43.4065,-124.2243,11.76,80,0,2.06
211,Sorland,NO,2022-01-08 22:15:58,67.667,12.6934,0.66,70,8,7.98
212,Geraldton,AU,2022-01-08 22:15:59,-28.7667,114.6,21.23,60,100,8.75
213,Qaanaaq,GL,2022-01-08 22:15:59,77.484,-69.3632,-21.96,86,78,2.85
214,Wangqing,CN,2022-01-08 22:15:59,43.3218,129.7634,-18.4,98,14,1.23
215,San Ramon,US,2022-01-08 22:12:30,37.7799,-121.978,14.68,81,100,0.45
216,Cherskiy,RU,2022-01-08 22:16:00,68.75,161.3,-30.34,100,27,1.56
217,Llangefni,GB,2022-01-08 22:16:00,53.2556,-4.3106,6.88,73,75,12.35
218,Port Elizabeth,ZA,2022-01-08 22:11:38,-33.918,25.5701,22.28,84,79,8.93
219,Kuito,AO,2022-01-08 22:16:01,-12.3833,16.9333,15.36,93,98,1.78
220,Saldanha,ZA,2022-01-08 22:16:01,-33.0117,17.9442,21.03,80,9,3.41
221,Noumea,NC,2022-01-08 22:16:01,-22.2763,166.4572,27.22,99,63,6.28
222,Vyritsa,RU,2022-01-08 22:16:02,59.4078,30.3481,-7.51,92,100,3.71
223,Quatre Cocos,MU,2022-01-08 22:16:02,-20.2078,57.7625,24.49,82,44,2.32
224,Clyde River,CA,2022-01-08 22:16:03,70.4692,-68.5914,-21.87,77,100,5.14
225,Merauke,ID,2022-01-08 22:16:03,-8.4667,140.3333,26.36,85,33,3.48
226,Mani,CO,2022-01-08 22:16:03,4.8172,-72.2886,34.06,29,98,4.6
227,Qorveh,IR,2022-01-08 22:17:04,35.1664,47.8045,1.21,52,0,0.85
228,Tual,ID,2022-01-08 22:17:04,-5.6667,132.75,27.94,79,100,6.15
229,Coruripe,BR,2022-01-08 22:17:05,-10.1256,-36.1756,26.38,76,96,6.0
230,Pulivendla,IN,2022-01-08 22:17:06,14.4167,78.2333,21.84,82,72,2.48
231,Gladstone,AU,2022-01-08 22:17:06,-23.85,151.25,28.96,74,75,4.63
232,Okhotsk,RU,2022-01-08 22:17:07,59.3833,143.3,-17.67,81,86,7.66
233,Teguldet,RU,2022-01-08 22:17:07,57.3064,88.1667,-0.66,95,100,5.67
234,Orlik,RU,2022-01-08 22:17:07,52.5178,99.825,-28.16,98,83,1.1
235,Denpasar,ID,2022-01-08 22:16:42,-8.65,115.2167,24.84,88,20,1.54
236,Tautira,PF,2022-01-08 22:17:08,-17.7333,-149.15,30.01,75,33,2.85
237,Muhos,FI,2022-01-08 22:17:08,64.808,25.9931,-18.39,100,79,1.79
238,Santa Maria,BR,2022-01-08 22:17:08,-29.6842,-53.8069,28.35,37,17,6.2
239,La Ronge,CA,2022-01-08 22:17:09,55.1001,-105.2842,-24.86,64,40,5.66
240,Punta Gorda,US,2022-01-08 22:14:49,26.9298,-82.0454,27.21,57,0,2.24
241,Finschhafen,PG,2022-01-08 22:17:09,-6.6024,147.8681,27.26,80,100,3.33
242,Senno,RU,2022-01-08 22:17:10,59.5336,33.9167,-9.85,93,100,3.09
243,Dinghai,CN,2022-01-08 22:17:10,26.2847,119.7936,10.51,80,83,5.73
244,Antofagasta,CL,2022-01-08 22:14:36,-23.65,-70.4,20.6,73,87,2.37
245,Kavieng,PG,2022-01-08 22:17:11,-2.5744,150.7967,28.47,65,18,4.59
246,Zhigansk,RU,2022-01-08 22:17:11,66.7697,123.3711,-37.0,99,99,2.68
247,Korla,CN,2022-01-08 22:17:12,41.7597,86.1469,-4.79,59,0,0.73
248,Godalming,GB,2022-01-08 22:17:12,51.1846,-0.6173,5.8,80,20,5.14
249,Kota Belud,MY,2022-01-08 22:17:12,6.351,116.4305,23.75,87,100,1.9
250,Auki,SB,2022-01-08 22:15:15,-8.7676,160.7034,27.28,80,36,1.88
251,Hamilton,US,2022-01-08 22:16:28,39.1834,-84.5333,3.91,52,100,0.45
252,Paratinga,BR,2022-01-08 22:17:13,-12.6906,-43.1842,22.98,94,100,1.11
253,Coihueco,CL,2022-01-08 22:17:13,-36.6167,-71.8333,28.41,39,0,6.17
254,Katsuura,JP,2022-01-08 22:17:13,35.1333,140.3,11.01,52,13,8.73
255,Eyl,SO,2022-01-08 22:17:14,7.9803,49.8164,23.77,68,3,8.32
256,Guerrero Negro,MX,2022-01-08 22:17:14,27.9769,-114.0611,16.67,65,99,3.97
257,Maan,PH,2022-01-08 22:17:15,5.9339,124.7356,25.19,86,100,1.17
258,Xuanhua,CN,2022-01-08 22:17:15,40.6103,115.0447,-2.5,49,100,0.46
259,Norman Wells,CA,2022-01-08 22:17:16,65.282,-126.8329,-21.98,64,75,6.17
260,Yangjiang,CN,2022-01-08 22:17:16,21.85,111.9667,16.25,77,93,1.48
261,Nanortalik,GL,2022-01-08 22:17:16,60.1432,-45.2371,-10.43,79,100,6.01
262,Kondinskoye,RU,2022-01-08 22:17:17,59.6481,67.41,-20.63,99,56,2.82
263,San Joaquin,US,2022-01-08 22:17:17,37.9333,-121.3011,15.1,84,20,3.6
264,Half Moon Bay,US,2022-01-08 22:15:21,37.4636,-122.4286,16.39,78,0,2.57
265,Pringsewu,ID,2022-01-08 22:17:17,-5.3582,104.9744,23.53,97,100,0.55
266,San Patricio,US,2022-01-08 22:17:18,28.017,-97.5169,20.23,63,95,5.2
267,Argayash,RU,2022-01-08 22:17:18,55.4888,60.8767,-7.17,81,84,9.17
268,Upernavik,GL,2022-01-08 22:17:19,72.7868,-56.1549,-12.36,94,100,1.89
269,Nyurba,RU,2022-01-08 22:17:19,63.2842,118.3319,-37.82,99,29,2.07
270,Konevo,RU,2022-01-08 22:17:20,62.1215,39.3192,-19.75,100,97,2.18
271,Polis,CY,2022-01-08 22:17:20,35.0367,32.4264,11.9,86,34,2.22
272,Lazaro Cardenas,MX,2022-01-08 22:17:20,17.9583,-102.2,27.72,57,64,4.0
273,Sao Miguel Do Araguaia,BR,2022-01-08 22:13:05,-13.275,-50.1628,21.92,98,100,5.2
274,Asau,RO,2022-01-08 22:17:21,46.4333,26.4,2.44,98,100,1.47
275,Katherine,AU,2022-01-08 22:18:22,-14.4667,132.2667,28.18,69,76,2.57
276,Iqaluit,CA,2022-01-08 22:18:23,63.7506,-68.5145,-29.06,75,20,1.03
277,Cabo San Lucas,MX,2022-01-08 22:14:18,22.8909,-109.9124,28.12,62,0,3.58
278,Petrila,RO,2022-01-08 22:18:23,45.45,23.4167,-0.43,97,96,1.67
279,Tabou,CI,2022-01-08 22:18:24,4.423,-7.3528,26.74,82,43,3.71
280,Nantucket,US,2022-01-08 22:13:48,41.2835,-70.0995,-1.69,63,0,1.54
281,Matara,LK,2022-01-08 22:18:24,5.9485,80.5353,23.37,92,100,2.59
282,Sur,OM,2022-01-08 22:18:24,22.5667,59.5289,19.75,52,0,2.41
283,Santo Angelo,BR,2022-01-08 22:18:25,-28.2992,-54.2631,29.18,42,0,3.09
284,Lorengau,PG,2022-01-08 22:18:25,-2.0226,147.2712,27.84,72,100,4.06
285,Basco,PH,2022-01-08 22:18:26,20.4487,121.9702,22.83,80,85,7.47
286,Funtua,NG,2022-01-08 22:18:26,11.5233,7.3081,20.94,26,5,3.31
287,Kapoeta,SS,2022-01-08 22:18:27,4.7717,33.5903,28.53,34,14,3.88
288,Sao Felix Do Xingu,BR,2022-01-08 22:18:27,-6.6447,-51.995,21.95,100,100,0.51
289,Flinders,AU,2022-01-08 22:18:28,-34.5833,150.8552,22.88,87,95,1.79
290,Grindavik,IS,2022-01-08 22:18:28,63.8424,-22.4338,3.26,81,0,3.6
291,Pandan Niog,PH,2022-01-08 22:18:28,6.2282,120.5631,27.13,79,69,4.67
292,Itainopolis,BR,2022-01-08 22:18:29,-7.4469,-41.4783,26.02,75,100,2.1
293,Paka,MY,2022-01-08 22:18:29,4.6374,103.4368,24.96,94,73,2.06
294,Castro,BR,2022-01-08 22:18:30,-24.7911,-50.0119,16.23,87,78,5.18
295,Marawi,PH,2022-01-08 22:18:30,7.9986,124.2928,17.58,95,10,0.6
296,Vanimo,PG,2022-01-08 22:18:31,-2.6741,141.3028,24.38,94,100,3.05
297,Cidreira,BR,2022-01-08 22:18:31,-30.1811,-50.2056,22.28,65,3,8.36
298,Mbigou,GA,2022-01-08 22:18:32,-1.9005,11.906,19.99,95,31,0.64
299,Man,CI,2022-01-08 22:18:32,7.4125,-7.5538,23.9,38,43,0.67
300,Bonavista,CA,2022-01-08 22:18:32,48.6499,-53.1147,-1.6,86,100,22.95
301,Berea,US,2022-01-08 22:18:33,41.3662,-81.8543,1.96,43,4,0.89
302,Gazimurskiy Zavod,RU,2022-01-08 22:18:33,51.5461,118.3266,-18.5,99,100,1.78
303,San Andres,CO,2022-01-08 22:18:33,12.5847,-81.7006,29.01,70,20,5.14
304,Praia,CV,2022-01-08 22:18:34,14.9215,-23.5087,22.3,68,75,6.69
305,Lae,PG,2022-01-08 22:18:34,-6.7221,146.9847,25.51,84,92,2.86
306,San Ignacio,BZ,2022-01-08 22:18:35,17.1561,-89.0714,29.08,74,40,0.0
307,Sterling,US,2022-01-08 22:15:56,39.0062,-77.4286,0.16,55,0,3.09
308,Bonfim,BR,2022-01-08 22:18:35,3.0833,-59.95,30.84,34,69,5.55
309,Halifax,CA,2022-01-08 22:15:57,44.6453,-63.5724,-6.0,78,7,2.24
310,Pangai,TO,2022-01-08 22:18:36,-19.8,-174.35,24.05,86,100,7.29
311,Vila,PT,2022-01-08 22:18:36,42.0304,-8.1588,5.74,91,100,2.47
312,Dingle,PH,2022-01-08 22:18:37,10.9995,122.6711,22.6,95,15,2.68
313,Puerto Princesa,PH,2022-01-08 22:18:37,9.7392,118.7353,23.89,88,9,0.7
314,Port Hawkesbury,CA,2022-01-08 22:18:38,45.6169,-61.3485,-2.68,80,100,4.47
315,Salinopolis,BR,2022-01-08 22:18:38,-0.6136,-47.3561,25.17,88,100,3.83
316,Villa Union,MX,2022-01-08 22:18:38,23.2,-106.2333,24.98,65,75,3.6
317,Juodupe,LT,2022-01-08 22:18:39,56.0833,25.6167,-3.79,90,100,4.79
318,Kabalo,CD,2022-01-08 22:18:39,-6.05,26.9167,21.8,96,94,0.7
319,Flin Flon,CA,2022-01-08 22:18:40,54.7682,-101.865,-22.09,71,100,5.14
320,Maniitsoq,GL,2022-01-08 22:18:40,65.4167,-52.9,-12.65,84,100,5.65
321,Camacari,BR,2022-01-08 22:19:40,-12.6975,-38.3242,27.87,79,99,4.52
322,Hornepayne,CA,2022-01-08 22:19:41,49.2138,-84.7705,-4.6,83,100,7.24
323,Naron,ES,2022-01-08 22:19:41,43.5167,-8.1528,13.47,95,100,7.94
324,Praya,CV,2022-01-08 22:18:34,14.9215,-23.5087,22.3,68,75,6.69
325,Kasama,ZM,2022-01-08 22:19:42,-10.2129,31.1808,16.94,98,100,1.84
326,Yaan,NG,2022-01-08 22:19:42,7.3833,8.5667,30.64,31,93,1.03
327,Viedma,AR,2022-01-08 22:18:16,-40.8135,-62.9967,36.59,14,0,8.37
328,Mount Isa,AU,2022-01-08 22:19:43,-20.7333,139.5,29.87,16,0,6.17
329,Itaqui,BR,2022-01-08 22:19:43,-29.1253,-56.5531,34.84,22,33,3.66
330,Dubrovka,RU,2022-01-08 22:19:43,53.6907,33.5071,-6.01,87,100,5.45
331,Terra Santa,BR,2022-01-08 22:19:44,-2.1042,-56.4869,23.88,89,100,1.21
332,Holme,DK,2022-01-08 22:19:44,56.1138,10.1725,2.76,90,100,6.11
333,Awjilah,LY,2022-01-08 22:19:45,29.1081,21.2869,11.99,50,3,5.04
334,Vila Velha,BR,2022-01-08 22:19:45,-20.3297,-40.2925,23.97,93,100,2.24
335,Yulara,AU,2022-01-08 22:19:46,-25.2406,130.9889,25.91,21,0,3.6
336,Dauphin,CA,2022-01-08 22:19:46,51.1494,-100.0502,-18.92,65,100,8.23
337,Vardo,NO,2022-01-08 22:19:47,70.3705,31.1107,-2.45,65,100,11.93
338,Volchanets,RU,2022-01-08 22:19:47,42.9131,132.7469,-12.99,60,3,4.63
339,Saskylakh,RU,2022-01-08 22:19:47,71.9167,114.0833,-31.16,92,12,5.32
340,Constitucion,CL,2022-01-08 22:19:48,-35.3333,-72.4167,18.25,76,33,5.54
341,Muros,ES,2022-01-08 22:19:48,42.7762,-9.0603,13.38,95,100,6.63
342,Paamiut,GL,2022-01-08 22:19:49,61.994,-49.6678,-15.42,85,95,2.94
343,Cockburn Town,TC,2022-01-08 22:19:49,21.4612,-71.1419,25.72,76,13,10.12
344,Lagoa,PT,2022-01-08 22:19:49,39.05,-27.9833,14.8,67,89,3.35
345,Karpogory,RU,2022-01-08 22:19:50,64.0019,44.4451,-15.76,94,53,3.42
346,Atar,MR,2022-01-08 22:19:50,20.5169,-13.0499,19.2,14,4,4.15
347,Aksu,CN,2022-01-08 22:19:51,41.1231,80.2644,-3.94,46,94,1.87
348,Tocopilla,CL,2022-01-08 22:19:51,-22.092,-70.1979,21.71,68,79,1.8
349,Sao Filipe,CV,2022-01-08 22:19:51,14.8961,-24.4956,23.7,65,24,4.59
350,Port Macquarie,AU,2022-01-08 22:15:16,-31.4333,152.9167,24.94,88,100,2.57
351,Eureka,US,2022-01-08 22:19:52,40.8021,-124.1637,13.4,81,31,2.68
352,Georgetown,MY,2022-01-08 22:18:07,5.4112,100.3354,26.05,85,20,0.0
353,Santa Marta,CO,2022-01-08 22:17:10,11.2408,-74.199,31.03,60,75,6.71
354,Sitka,US,2022-01-08 22:19:53,57.0531,-135.33,-2.06,54,100,1.54
355,Ukiah,US,2022-01-08 22:19:53,39.1502,-123.2078,15.64,61,0,0.0
356,Novo Aripuana,BR,2022-01-08 22:19:53,-5.1206,-60.3797,23.05,99,100,1.5
357,Kupang,ID,2022-01-08 22:19:54,-10.1667,123.5833,24.32,100,40,1.54
358,Rawson,AR,2022-01-08 22:19:54,-43.3002,-65.1023,27.71,41,46,10.81
359,Talnakh,RU,2022-01-08 22:19:54,69.4865,88.3972,-13.77,93,100,8.21
360,Salinas,US,2022-01-08 22:18:38,36.6777,-121.6555,18.49,55,0,2.57
361,Ajdabiya,LY,2022-01-08 22:19:55,30.7554,20.2263,14.58,49,64,11.29
362,Sinegorye,RU,2022-01-08 22:19:55,62.0788,150.477,-18.45,99,100,0.84
363,Airai,TL,2022-01-08 22:19:56,-8.9266,125.4092,16.35,82,97,0.77
364,Sompeta,IN,2022-01-08 22:19:56,18.9333,84.6,19.44,72,11,1.75
365,Illapel,CL,2022-01-08 22:19:57,-31.6308,-71.1653,25.35,50,76,3.37
366,Mahibadhoo,MV,2022-01-08 22:19:57,3.7833,72.9667,26.97,75,4,3.95
367,Luderitz,NA,2022-01-08 22:20:58,-26.6481,15.1594,17.92,92,41,1.39
368,Ife,NG,2022-01-08 22:20:58,7.4667,4.5667,23.25,82,25,1.04
369,Mujiayingzi,CN,2022-01-08 22:20:59,42.1167,118.7833,-6.6,56,99,0.59
370,Nioro,GM,2022-01-08 22:20:59,13.35,-15.75,25.43,19,97,2.63
371,Mahajanga,MG,2022-01-08 22:21:00,-15.7167,46.3167,24.86,91,100,3.7
372,Charters Towers,AU,2022-01-08 22:21:00,-20.1,146.2667,28.16,68,63,4.83
373,Preobrazheniye,RU,2022-01-08 22:21:00,42.9019,133.9064,-11.08,56,37,3.75
374,Krasnoslobodsk,RU,2022-01-08 22:21:01,48.7072,44.5714,-6.1,86,0,4.0
375,Grobina,LV,2022-01-08 22:21:01,56.5352,21.1678,1.92,80,100,5.66
376,South Lake Tahoe,US,2022-01-08 22:21:01,38.9332,-119.9844,5.94,42,0,2.57
377,Fortuna Foothills,US,2022-01-08 22:21:02,32.6578,-114.4119,20.75,50,0,0.45
378,Cao Bang,VN,2022-01-08 22:21:02,22.6667,106.25,13.23,89,100,0.77
379,Champerico,GT,2022-01-08 22:21:02,14.3,-91.9167,32.3,61,19,3.98
380,Mahina,PF,2022-01-08 22:21:03,-17.5065,-149.489,29.87,70,20,3.6
381,Yazykovo,RU,2022-01-08 22:21:03,55.2199,56.1353,-21.61,100,90,2.36
382,Umea,SE,2022-01-08 22:21:04,63.8284,20.2597,-9.04,100,100,1.54
383,Catuday,PH,2022-01-08 22:21:04,16.2923,119.8062,23.44,82,8,1.09
384,Sal Rei,CV,2022-01-08 22:21:05,16.1833,-22.9167,21.31,67,85,7.3
385,Lethem,GY,2022-01-08 22:21:05,3.3803,-59.7968,30.51,35,57,6.24
386,Inhambane,MZ,2022-01-08 22:21:06,-23.865,35.3833,23.93,72,4,4.53
387,Monduli,TZ,2022-01-08 22:21:06,-3.3,36.45,17.4,83,100,3.13
388,Jalu,LY,2022-01-08 22:21:06,29.0331,21.5482,11.97,52,1,4.78
389,Emirdag,TR,2022-01-08 22:21:07,39.0197,31.15,5.82,91,100,0.81
390,Lerwick,GB,2022-01-08 22:21:07,60.1545,-1.1494,6.0,83,100,3.5
391,Coquimbo,CL,2022-01-08 22:16:38,-29.9533,-71.3436,19.85,63,0,5.14
392,Svetlogorsk,BY,2022-01-08 22:21:08,52.6333,29.7333,-2.38,72,100,5.41
393,Broome,US,2022-01-08 22:21:08,42.2506,-75.833,-2.99,57,0,1.34
394,Gonzales,US,2022-01-08 22:21:09,30.2385,-90.9201,19.99,89,100,1.54
395,Zhezkazgan,KZ,2022-01-08 22:21:09,47.8043,67.7144,-5.32,94,50,3.59
396,Zaraza,VE,2022-01-08 22:21:09,9.3503,-65.3245,26.62,61,35,6.02
397,Bintulu,MY,2022-01-08 22:19:55,3.1667,113.0333,24.23,88,20,0.51
398,Umm Lajj,SA,2022-01-08 22:21:10,25.0213,37.2685,22.15,61,51,0.44
399,Alamos,MX,2022-01-08 22:21:10,27.0167,-108.9333,24.29,31,3,2.88
400,Castellarano,IT,2022-01-08 22:21:11,44.5131,10.7329,6.46,83,52,1.39
401,Margate,GB,2022-01-08 22:21:11,51.3813,1.3862,6.84,82,100,0.89
402,Oranjemund,NA,2022-01-08 22:21:11,-28.55,16.4333,19.43,85,67,2.58
403,Ostrovnoy,RU,2022-01-08 22:21:12,68.0531,39.5131,-9.71,90,100,9.8
404,Taksimo,RU,2022-01-08 22:21:12,56.3444,114.8794,-28.45,92,20,1.36
405,Matay,EG,2022-01-08 22:16:13,28.419,30.7792,15.86,30,1,4.2
406,Igarka,RU,2022-01-08 22:21:13,67.4667,86.5833,-9.0,94,100,7.29
407,Sarkand,KZ,2022-01-08 22:21:13,45.41,79.9186,-4.47,69,25,2.96
408,Udachnyy,RU,2022-01-08 22:21:14,66.4167,112.4,-33.25,93,55,3.32
409,Carnarvon,AU,2022-01-08 22:21:14,-24.8667,113.6333,22.04,73,0,8.23
410,Hay River,CA,2022-01-08 22:21:14,60.8156,-115.7999,-27.01,69,20,3.09
411,Guaymas,MX,2022-01-08 22:21:15,27.9333,-110.9,24.14,57,40,5.66
412,Evensk,RU,2022-01-08 22:21:15,61.95,159.2333,-9.23,68,98,5.46
413,Dwarka,IN,2022-01-08 22:21:15,22.2394,68.9678,19.13,52,0,3.51
414,Astoria,US,2022-01-08 22:22:16,46.1879,-123.8313,8.82,86,100,0.89
415,Nizhnyaya Tavda,RU,2022-01-08 22:22:16,57.6731,66.1725,-14.86,99,97,2.67
416,Sinnamary,GF,2022-01-08 22:22:17,5.3833,-52.95,24.47,81,79,3.71
417,Menongue,AO,2022-01-08 22:22:17,-14.6585,17.691,17.39,91,94,1.68
418,Port Elgin,CA,2022-01-08 22:22:17,46.0487,-64.0868,-6.24,82,43,4.72
419,Felanitx,ES,2022-01-08 22:22:18,39.4696,3.1483,10.07,71,28,4.73
420,Hualmay,PE,2022-01-08 22:22:18,-11.0964,-77.6139,23.11,77,28,3.67
421,Kuching,MY,2022-01-08 22:18:13,1.55,110.3333,25.12,94,40,1.03
422,Moree,AU,2022-01-08 22:22:19,-29.4667,149.85,27.01,61,100,8.23
423,Ekibastuz,KZ,2022-01-08 22:22:19,51.6667,75.3667,-1.64,81,100,9.34
424,Paso De Los Toros,UY,2022-01-08 22:22:20,-32.8167,-56.5167,29.69,28,3,7.36
425,Goderich,CA,2022-01-08 22:21:21,43.7501,-81.7165,-2.83,74,94,5.14
426,Victoria Point,AU,2022-01-08 22:22:20,-27.5833,153.3,28.43,89,79,0.45
427,Olhao,PT,2022-01-08 22:22:20,37.0286,-7.8411,8.94,76,0,2.06
428,Yangambi,CD,2022-01-08 22:22:21,0.8102,24.4336,24.21,74,92,1.22
429,Santiago Del Estero,AR,2022-01-08 22:22:21,-27.7951,-64.2615,34.89,17,0,3.7
430,Luohe,CN,2022-01-08 22:22:21,33.5717,114.0353,2.74,91,73,2.23
431,Dunedin,NZ,2022-01-08 22:21:54,-45.8742,170.5036,18.4,66,100,0.65
432,Vaitape,PF,2022-01-08 22:22:22,-16.5167,-151.75,27.49,76,58,3.02
433,Nelidovo,RU,2022-01-08 22:22:23,56.2211,32.7774,-7.05,88,100,3.86
434,Severodvinsk,RU,2022-01-08 22:22:23,64.5635,39.8302,-17.94,93,20,4.07
435,Huilong,CN,2022-01-08 22:22:23,31.8111,121.655,7.24,68,100,1.78
436,Zhanaozen,KZ,2022-01-08 22:22:24,43.3,52.8,-0.91,77,79,6.66
437,Sabla,NG,2022-01-08 22:22:24,12.7525,4.7077,23.04,18,2,4.05
438,Sabathu,IN,2022-01-08 22:22:25,30.9719,76.9933,7.88,90,100,1.87
439,Svetlyy,RU,2022-01-08 22:22:25,54.675,20.1347,1.03,90,53,6.87
440,Kehtna,EE,2022-01-08 22:22:25,58.9303,24.8781,-2.27,95,100,3.95
441,Calama,CL,2022-01-08 22:22:26,-22.4667,-68.9333,22.27,33,75,11.83
442,Anshun,CN,2022-01-08 22:22:26,26.25,105.9333,3.89,91,100,1.66
443,Juegang,CN,2022-01-08 22:22:26,32.3174,121.1855,4.39,73,100,1.45
444,Abha,SA,2022-01-08 22:22:27,18.2164,42.5053,12.9,94,30,0.0
445,Vestmannaeyjar,IS,2022-01-08 22:21:04,63.4427,-20.2734,4.53,70,95,5.37
446,Aklavik,CA,2022-01-08 22:19:44,68.2191,-135.0107,-25.0,70,40,7.2
447,Kachiry,KZ,2022-01-08 22:22:27,53.0675,76.1036,-1.08,96,100,8.28
448,Teofilo Otoni,BR,2022-01-08 22:22:28,-17.8575,-41.5053,22.64,94,100,0.85
449,Meadow Lake,US,2022-01-08 22:22:28,34.8014,-106.5436,14.71,27,69,7.57
450,Luebo,CD,2022-01-08 22:22:29,-5.35,21.4167,23.35,88,64,0.92
451,Tuy Hoa,VN,2022-01-08 22:22:29,13.0833,109.3,21.76,90,86,2.34
452,Port Hedland,AU,2022-01-08 22:22:29,-20.3167,118.5667,29.03,84,67,5.66
453,Ewa Beach,US,2022-01-08 22:22:30,21.3156,-158.0072,26.97,63,20,3.09
454,Sembe,CG,2022-01-08 22:22:30,1.6481,14.5806,25.09,47,77,1.18
455,Turukhansk,RU,2022-01-08 22:22:31,65.8167,87.9833,-7.75,94,100,8.94
456,Pokhara,NP,2022-01-08 22:19:24,28.2333,83.9833,12.06,57,100,2.54
457,Haines Junction,CA,2022-01-08 22:22:31,60.7522,-137.5108,-42.03,66,97,0.0
458,Esperance,AU,2022-01-08 22:22:32,-33.8667,121.9,17.91,83,74,10.36
459,Nicoya,CR,2022-01-08 22:23:32,10.1483,-85.452,30.75,52,48,2.67
460,Zarubino,RU,2022-01-08 22:23:32,42.63,131.0922,-9.37,59,13,4.16
461,Rabaul,PG,2022-01-08 22:23:33,-4.1967,152.1721,27.96,72,42,3.32
462,Karasjok,NO,2022-01-08 22:23:33,69.4719,25.5112,-5.94,100,90,1.32
463,Muisne,EC,2022-01-08 22:23:34,0.6,-80.0333,25.76,80,92,3.04
464,Rehoboth,NA,2022-01-08 22:23:34,-23.3167,17.0833,23.0,50,97,4.14
465,Padang,ID,2022-01-08 22:23:34,-0.9492,100.3543,24.03,91,99,1.73
466,Bubaque,GW,2022-01-08 22:23:35,11.2833,-15.8333,26.68,69,88,5.95
467,Yumen,CN,2022-01-08 22:23:35,40.2833,97.2,-5.32,49,100,4.69
468,Tazovskiy,RU,2022-01-08 22:23:36,67.4667,78.7,-20.88,95,100,2.27
469,Nara,JP,2022-01-08 22:23:36,34.6851,135.8049,4.99,70,85,1.1
470,Yeniseysk,RU,2022-01-08 22:23:36,58.4497,92.1703,-12.9,93,100,4.95
471,Jagupit,PH,2022-01-08 22:23:37,9.2422,125.5581,23.16,92,13,1.01
472,Lodja,CD,2022-01-08 22:23:37,-3.4833,23.4333,21.54,93,100,0.19
473,Rabo De Peixe,PT,2022-01-08 22:23:38,37.8,-25.5833,15.15,98,75,2.06
474,Mirabad,AF,2022-01-08 22:20:06,30.4362,61.8383,7.91,43,0,1.86
475,Biltine,TD,2022-01-08 22:23:38,14.5333,20.9167,24.95,20,16,2.84
476,Coihaique,CL,2022-01-08 22:23:38,-45.5752,-72.0662,21.97,43,40,4.12
477,Ust-Tsilma,RU,2022-01-08 22:19:16,65.441,52.1498,-11.76,88,99,4.42
478,Linxia,CN,2022-01-08 22:23:39,35.6003,103.2064,-2.23,83,49,0.12
479,Sao Jose De Piranhas,BR,2022-01-08 22:23:39,-7.1206,-38.5019,25.7,54,80,0.51
480,Saint-Georges,GD,2022-01-08 22:23:40,12.0564,-61.7485,25.79,67,7,6.72
481,Port Lincoln,AU,2022-01-08 22:23:40,-34.7333,135.8667,18.32,78,6,5.4
482,Banfora,BF,2022-01-08 22:23:41,10.6333,-4.7667,25.4,17,14,2.6
483,Longonjo,AO,2022-01-08 22:23:41,-12.9067,15.2533,17.16,95,89,0.94
484,Pitimbu,BR,2022-01-08 22:23:42,-7.4706,-34.8086,26.33,69,87,2.82
485,Kushiro,JP,2022-01-08 22:23:42,42.975,144.3747,-2.47,93,75,4.12
486,Turbe,BA,2022-01-08 22:23:42,44.2436,17.5714,-1.5,91,99,0.62
487,Dryden,CA,2022-01-08 22:21:21,49.7833,-92.7503,-9.84,85,100,6.17
488,Pucallpa,PE,2022-01-08 22:23:43,-8.3791,-74.5539,33.02,55,40,3.09
489,Shimoda,JP,2022-01-08 22:19:43,34.6667,138.95,7.28,54,22,9.14
490,Freeport,US,2022-01-08 22:22:44,40.6576,-73.5832,-0.97,49,0,0.0
491,Mizdah,LY,2022-01-08 22:23:43,31.4451,12.9801,4.52,90,53,12.22
492,Husavik,IS,2022-01-08 22:23:44,66.0449,-17.3389,1.95,77,81,4.9
493,Kletskaya,RU,2022-01-08 22:23:44,49.3145,43.0584,-4.63,83,76,2.85
494,Dongsheng,CN,2022-01-08 22:23:45,39.8161,109.9776,-6.93,62,33,2.28
495,Curup,ID,2022-01-08 22:23:45,-3.4667,102.5333,19.71,94,100,0.98
496,Rocha,UY,2022-01-08 22:23:45,-34.4833,-54.3333,22.67,57,0,6.81
497,Iberia,US,2022-01-08 22:23:46,29.9502,-91.7507,21.04,83,75,7.2
498,Bagotville,AU,2022-01-08 22:23:46,-28.9833,153.4167,25.01,92,60,2.91
499,Karanpura,IN,2022-01-08 22:23:46,29.1018,75.092,11.69,77,0,3.59
500,Burgeo,CA,2022-01-08 22:23:47,47.6167,-57.6152,-5.06,73,53,12.87
501,Yeppoon,AU,2022-01-08 22:23:32,-23.1333,150.7333,26.88,74,59,5.35
502,Uvinza,TZ,2022-01-08 22:23:47,-5.1036,30.3911,19.3,94,86,1.45
503,Bardiyah,LY,2022-01-08 22:23:47,31.7561,25.0865,12.85,69,10,7.78
504,Swan Hill,AU,2022-01-08 22:23:48,-35.3378,143.5544,21.96,51,0,3.62
505,Limoeiro Do Ajuru,BR,2022-01-08 22:23:48,-1.8953,-49.3806,24.89,89,99,4.24
506,Atagay,RU,2022-01-08 22:23:48,55.1033,99.3875,-23.1,99,40,1.75
507,Grand Gaube,MU,2022-01-08 22:24:49,-20.0064,57.6608,24.65,87,61,1.34
508,Puerto Carreno,CO,2022-01-08 22:24:11,6.189,-67.4859,31.99,43,20,6.69
509,Itupiranga,BR,2022-01-08 22:24:50,-5.1347,-49.3267,26.18,95,98,1.22
510,Isangel,VU,2022-01-08 22:24:50,-19.55,169.2667,29.06,89,75,3.09
511,Gizo,SB,2022-01-08 22:24:50,-8.103,156.8419,28.29,71,14,2.68
512,Shingu,JP,2022-01-08 22:24:51,33.7333,135.9833,5.37,83,67,2.61
513,Henties Bay,NA,2022-01-08 22:24:51,-22.116,14.2845,17.7,92,95,1.9
514,Sungaipenuh,ID,2022-01-08 22:24:51,-2.0833,101.3833,18.3,97,99,1.1
515,Bayan,CN,2022-01-08 22:24:52,46.0833,127.4,-26.07,99,35,0.55
516,Diamantino,BR,2022-01-08 22:24:52,-14.4086,-56.4461,25.85,81,91,0.57
517,Caravelas,BR,2022-01-08 22:21:03,-17.7125,-39.2481,24.92,93,100,5.1
518,Honiara,SB,2022-01-08 22:24:19,-9.4333,159.95,28.61,73,48,1.8
519,Macas,EC,2022-01-08 22:24:53,-2.3167,-78.1167,29.86,39,20,2.06
520,Broken Hill,AU,2022-01-08 22:24:54,-31.95,141.4333,20.84,56,0,5.66
521,Aksarayskiy,RU,2022-01-08 22:24:54,46.7924,48.0119,-5.01,53,12,3.26
522,Sechura,PE,2022-01-08 22:24:54,-5.5569,-80.8222,25.49,63,100,6.69
523,Sao Gabriel Da Cachoeira,BR,2022-01-08 22:24:55,-0.1303,-67.0892,24.16,94,99,0.65
524,Veraval,IN,2022-01-08 22:24:55,20.9,70.3667,16.37,59,0,5.62
525,Mancio Lima,BR,2022-01-08 22:24:56,-7.6142,-72.8958,33.04,55,40,3.09
526,Kruisfontein,ZA,2022-01-08 22:24:56,-34.0033,24.7314,21.05,83,84,6.01
527,Tiarei,PF,2022-01-08 22:24:56,-17.5333,-149.3333,30.01,77,24,1.9
528,Fairbanks,US,2022-01-08 22:24:57,64.8378,-147.7164,-25.5,67,0,0.0
529,Ahipara,NZ,2022-01-08 22:24:57,-35.1667,173.1667,23.11,62,19,1.74
530,Oskaloosa,US,2022-01-08 22:24:58,41.2964,-92.6444,0.4,93,100,4.12
531,Mana,GF,2022-01-08 22:24:58,5.6592,-53.7767,24.3,81,96,3.53
532,Itamarandiba,BR,2022-01-08 22:24:59,-17.8572,-42.8589,19.32,99,100,1.32
533,Grenfell,AU,2022-01-08 22:24:59,-33.9,148.1667,24.63,65,1,2.41
534,Pontes E Lacerda,BR,2022-01-08 22:24:59,-15.2261,-59.3353,26.0,76,99,1.54
535,Jacareacanga,BR,2022-01-08 22:25:00,-6.2222,-57.7528,22.85,99,100,1.16
536,Ryotsu,JP,2022-01-08 22:25:00,38.0833,138.4333,5.98,78,96,10.16
537,Phan Thiet,VN,2022-01-08 22:25:00,10.9333,108.1,21.48,85,19,1.49
538,San Juan,AR,2022-01-08 22:21:59,-31.5375,-68.5364,36.23,15,21,6.18
539,Brokopondo,SR,2022-01-08 22:25:01,4.75,-55.1667,25.41,73,99,2.39
540,Carora,VE,2022-01-08 22:25:02,10.1755,-70.0827,29.76,34,27,6.65
541,Yinchuan,CN,2022-01-08 22:25:02,38.4681,106.2731,-3.41,65,53,1.7
542,Zangakatun,AM,2022-01-08 22:25:03,39.8212,45.0406,-9.34,70,12,2.97
543,Annau,TM,2022-01-08 22:25:03,37.8876,58.516,2.72,60,100,2.06
544,Tranas,SE,2022-01-08 22:25:03,58.0372,14.9782,-0.43,94,96,0.95
545,Ngorongoro,TZ,2022-01-08 22:25:04,-3.2397,35.4875,12.99,71,100,1.64
546,Shuiji,CN,2022-01-08 22:25:04,27.4214,118.345,10.21,95,100,0.77
547,La Primavera,CO,2022-01-08 22:25:04,5.4906,-70.4092,33.52,34,95,4.3
548,Compiegne,FR,2022-01-08 22:25:05,49.4179,2.8261,7.33,89,100,11.89
549,Vao,NC,2022-01-08 22:25:05,-22.6667,167.4833,25.61,85,83,9.81
550,Bere,TD,2022-01-08 22:25:06,9.3202,16.1552,27.59,22,79,2.1
551,Front Royal,US,2022-01-08 22:25:06,38.9182,-78.1944,-0.24,53,0,2.06
552,Arlit,NE,2022-01-08 22:26:07,18.7369,7.3853,16.14,21,2,5.67
553,Novaya Bryan,RU,2022-01-08 22:26:08,51.7159,108.2691,-27.27,100,88,0.8
554,Okha,RU,2022-01-08 22:26:08,53.5739,142.9478,-13.88,93,100,9.14
555,Chaoyang,CN,2022-01-08 22:26:08,41.5703,120.4586,-7.46,65,17,0.14
556,Priargunsk,RU,2022-01-08 22:26:09,50.3691,119.1012,-20.99,99,100,1.65
557,Beloomut,RU,2022-01-08 22:26:09,54.9448,39.3394,-10.26,96,99,3.02
558,Comodoro Rivadavia,AR,2022-01-08 22:26:10,-45.8667,-67.5,22.92,53,0,11.32
559,Aktash,RU,2022-01-08 22:26:10,50.3,87.7333,-20.71,83,50,2.15
560,Brownwood,US,2022-01-08 22:26:11,31.7093,-98.9912,23.62,43,0,7.37
561,Soto La Marina,MX,2022-01-08 22:26:11,23.7667,-98.2167,28.21,42,35,8.07
562,Yerbogachen,RU,2022-01-08 22:26:12,61.2767,108.0108,-34.54,99,64,1.64
563,Bridlington,GB,2022-01-08 22:26:12,54.0831,-0.1919,4.1,78,76,8.55
564,Chapayevka,UA,2022-01-08 22:26:13,47.4711,36.3451,-1.31,59,100,6.88
565,Huarmey,PE,2022-01-08 22:26:13,-10.0681,-78.1522,23.44,76,28,3.4
566,Muravlenko,RU,2022-01-08 22:22:22,63.7898,74.523,-22.74,100,69,3.33
567,Beloha,MG,2022-01-08 22:26:14,-25.1667,45.05,23.86,79,100,6.02
568,Vicksburg,US,2022-01-08 22:23:25,32.3526,-90.8779,21.82,60,75,8.23
